folder,missing_files,extra_files
1583937033,[],"['351', '353', '355', '356', '358', '352', '354', '357']"
1583940633,[],"['353', '355', '356', '358', '352', '354', '357']"
1583944234,[],"['340', '344', '342', '339', '343', '338', '341']"
1583947043,[],"['050', '047', '046', '048', '049', '044', '045']"
1584019819,['2158'],[]
1584063019,['2158'],[]
1584084618,['2158'],[]
1584235819,['2158'],[]
1584279018,['2158'],[]
1584387019,['2158'],[]
1584408619,['2158'],[]
1584430219,['2158'],[]
1584451819,['2158'],[]
1584516619,['2158'],[]
1584538219,['2158'],[]
1584581419,"['2158', '1707', '1708']",[]
1584624619,['2158'],[]
1584689420,['2158'],[]
1584711019,['2158'],[]
1584797420,['2158'],[]
1584819019,['2158'],[]
1584840620,['2158'],[]
1584862218,['2158'],[]
1584883819,['2158'],[]
1584927019,['2158'],[]
1584948618,['2158'],[]
1584970220,['2158'],[]
1584991819,['2158'],[]
1585078219,['2158'],[]
1585099819,['2158'],[]
1585121419,['2158'],[]
1585143019,['2158'],[]
1585251020,['2158'],[]
1585294219,['2158'],[]
1585337422,"['690', '687', '686', '684', '691', '685', '688', '689']",[]
1585359019,['2158'],[]
1585380618,['2158'],[]
1585423820,['2158'],[]
1585445419,['2158'],[]
1585510218,['2158'],[]
1585575019,['2158'],[]
1585618219,['2158'],[]
1585639819,['2158'],[]
1585683019,['2158'],[]
1585704619,['2158'],[]
1585769419,['2158'],[]
1585812619,['2158'],[]
1585834219,['2158'],[]
1585855820,['2158'],[]
1585877420,['2158'],[]
1585899019,['2158'],[]
1585920619,['2158'],[]
1585942219,['2158'],[]
1585985419,['2158'],[]
1586050219,['2158'],[]
1586093419,['2158'],[]
1586158219,['2158'],[]
1586179819,['2158'],[]
1586201419,['2158'],[]
1586223020,"['2010', '2158', '2009', '2071', '2070']",[]
1586244619,['2158'],[]
1586287819,['2158'],[]
1586352620,['2158'],[]
1586374219,['2158'],[]
1586417419,['2158'],[]
1586439019,['2158'],[]
1586482220,['2158'],[]
1586525419,['2158'],[]
1586611819,['2158'],[]
1586633418,"['1323', '1322', '2158', '1372']",[]
1586655019,['2158'],[]
1586698219,['2158'],[]
1586741420,['2158'],[]
1586763019,['2158'],[]
1586806219,['2158'],[]
1586827820,['2158'],[]
1586849419,['2158'],[]
1586871019,['2158'],[]
1586914219,['2158'],[]
1586935819,['2158'],[]
1586957419,['2158'],[]
1587000619,['2158'],[]
1587022219,['2158'],[]
1587043819,['2158'],[]
1587065419,['2158'],[]
1587087019,['2158'],[]
1587108618,['2158'],[]
1587195019,['2158'],[]
1587216618,['2158'],[]
1587238220,['2158'],[]
1587259820,['2158'],[]
1587281419,['2158'],[]
1587303019,['2158'],[]
1587324619,['2158'],[]
1587389430,['2157'],[]
1587411019,['2158'],[]
1587432619,['2158'],[]
1587475820,"['728', '2158', '729']",[]
1587519020,['2158'],[]
1587540618,['2158'],[]
1587562219,['2158'],[]
1587605419,['2158'],[]
1587627019,['2158'],[]
1587648619,['2158'],[]
1587670219,['2158'],[]
1587691819,['2158'],[]
1587735019,['2115'],[]
1587756619,"['003', '002', '2158', '001', '000', '005', '004']",[]
1587778220,['2158'],[]
1587843020,['2158'],[]
1587864619,['2158'],[]
1587907819,['2158'],[]
1587929419,['2158'],[]
1587951019,['2158'],[]
1587972618,['2158'],[]
1588015818,['2158'],[]
1588080620,['2158'],[]
1588123820,['2158'],[]
1588145420,['2158'],[]
1588167019,['2158'],[]
1588188619,['2158'],[]
1588210219,['2158'],[]
1588231819,['2158'],[]
1588253425,"['1733', '1729', '1730', '1734', '1731', '1732', '1735', '1736']",[]
1588275019,['2158'],[]
1588318219,['2158'],[]
1588339820,['2158'],[]
1588361420,['2158'],[]
1588404620,['2158'],[]
1588426220,['2158'],[]
1588447819,"['015', '2158', '014']",[]
1588491019,['2158'],[]
1588512619,['2158'],[]
1588555819,['2158'],[]
1588577419,['2158'],[]
1588599019,['2158'],[]
1588620619,['2158'],[]
1588642219,['2158'],[]
1588663820,['2158'],[]
1588685419,['2158'],[]
1588728619,['2158'],[]
1588750219,['2158'],[]
1588793419,['2158'],[]
1588836618,['2158'],[]
1588858219,['2158'],[]
1588901419,['2158'],[]
1588944619,['2158'],[]
1588966219,['2158'],[]
1588987819,['2158'],[]
1589009419,['2158'],[]
1589031019,['2158'],[]
1589095820,['2158'],[]
1589117419,['2158'],[]
1589160623,"['1898', '1897']",[]
1589182220,"['1603', '2158', '1602']",[]
1589225420,"['199', '2158']",[]
1589247019,['2158'],[]
1589268619,['2158'],[]
1589333419,['2158'],[]
1589355019,['2158'],[]
1589398219,['2158'],[]
1589463019,['2158'],[]
1589484618,['2158'],[]
1589506219,['2158'],[]
1589527819,['2158'],[]
1589549419,['2158'],[]
1589571019,['2158'],[]
1589592619,['2158'],[]
1589614219,['2158'],[]
1589635819,['2158'],[]
1589657419,['2158'],[]
1589679019,['2158'],[]
1589700620,['2158'],[]
1589722219,['2158'],[]
1589765419,['2158'],[]
1589787019,['2158'],[]
1589808619,['2158'],[]
1589830221,"['818', '814', '816', '817', '815', '812', '813']",[]
1589851820,['2158'],[]
1589873418,['2158'],[]
1589895019,['2158'],[]
1589916620,['2158'],[]
1589938219,['2158'],[]
1589959819,['2158'],[]
1589981430,"['2157', '320', '1654']",[]
1590003020,['2158'],[]
1590024620,['2158'],[]
1590046218,['2158'],[]
1590067819,['2158'],[]
1590089419,['2158'],[]
1590111020,['2158'],[]
1590132619,['2158'],[]
1590154220,['2158'],[]
1590175823,['2157'],[]
1590197418,['2158'],[]
1590219019,['2158'],[]
1590262219,['2158'],[]
1590327025,"['1322', '967', '1320', '1321']",[]
1590348619,['2158'],[]
1590370219,"['902', '2158', '040', '041', '039']",[]
1590391819,['2158'],[]
1590413419,['2158'],[]
1590456620,['2158'],[]
1590499819,['2158'],[]
1590543019,['2158'],[]
1590564618,['2158'],[]
1590607819,['2158'],[]
1590629419,['2158'],[]
1590694221,"['732', '764', '722', '768', '769', '731', '739', '738', '730', '763', '723', '757', '758']",[]
1590715825,"['822', '823']",[]
1590737420,['2158'],[]
1590802219,"['2066', '2158', '2067']",[]
1590823818,"['139', '133', '137', '135', '152', '129', '148', '142', '153', '143', '136', '138', '128', '140', '155', '149', '147', '141', '154', '146', '150']",[]
1590845419,"['1457', '2155', '1456', '2156', '2152', '2154', '2150', '2151', '2153']",[]
1590867019,['2158'],[]
1590888619,['2158'],[]
1590910219,['2158'],[]
1590931820,['2158'],[]
1590953419,['2158'],[]
1590975019,['2158'],[]
1590996620,['2158'],[]
1591018219,['2158'],[]
1591061419,['2158'],[]
1591104623,"['1828', '1827', '1829']",[]
1591126220,['2158'],[]
1591169419,['2158'],[]
1591212621,['2158'],[]
1591234219,['2158'],[]
1591255819,['2158'],[]
1591342219,['2158'],[]
1591363819,['1509'],[]
1591385420,['2158'],[]
1591407020,['2158'],[]
1591428619,['2158'],[]
1591450219,['2158'],[]
1591493419,['2158'],[]
1591515019,['2158'],[]
1591536619,['2158'],[]
1591558219,['2158'],[]
1591579819,['2158'],[]
1591601419,['2158'],[]
1591623020,['2158'],[]
1591644619,"['1386', '1383', '1381', '1387', '1380', '1385', '1375', '1382', '1384', '1374']",[]
1591666219,"['237', '256', '238', '2158', '349']",[]
1591687819,['2158'],[]
1591709418,['2158'],[]
1591731019,['2158'],[]
1591752619,['2158'],[]
1591774219,['2158'],[]
1591795819,['2158'],[]
1591839019,['2158'],[]
1591882219,['2158'],[]
1591903818,['1874'],[]
1591968620,"['1610', '1520', '995', '1069', '1470', '1667', '1441', '1523', '1049', '1866', '073', '009', '1138', '1673', '1461', '2094', '2140', '1222', '098', '1227', '1973', '1020', '1451', '1757', '1418', '090', '1888', '1497', '1302', '1674', '1233', '1815', '1579', '115', '1569', '1873', '2057', '117', '1810', '1037', '1952', '1018', '1945', '1784', '2141', '1709', '2105', '1642', '1196', '2120', '1471', '2042', '1844', '062', '1947', '1370', '1983', '1701', '1504', '1825', '1535', '1804', '1805', '1567', '1708', '1289', '1285', '2073', '1091', '2043', '1434', '2152', '1495', '1493', '1399', '1906', '081', '1155', '168', '1917', '1416', '1723', '1992', '1152', '1568', '1775', '1618', '1960', '1282', '1439', '1171', '1230', '1903', '1858', '138', '1360', '1521', '1942', '1173', '1793', '1954', '2013', '1898', '1979', '1255', '1199', '1984', '020', '1275', '1778', '1065', '1827', '1204', '153', '1671', '1466', '1662', '1100', '1652', '1505', '001', '2109', '1783', '2063', '1526', '097', '1016', '1524', '1846', '1404', '1000', '1325', '1832', '1883', '1376', '1053', '043', '1475', '1443', '1146', '1759', '2031', '1934', '1095', '1971', '088', '1548', '1158', '1897', '1015', '2117', '1394', '1596', '1772', '1633', '1149', '1976', '125', '1550', '1885', '1690', '1041', '1084', '2096', '1192', '1364', '1235', '1760', '1625', '019', '074', '1950', '1022', '1953', '1814', '1320', '1593', '1813', '1511', '1013', '1186', '1147', '1272', '047', '1154', '1103', '1422', '1554', '1367', '2023', '2153', '1678', '1075', '1244', '1093', '1956', '1745', '2036', '1929', '1807', '1007', '1785', '003', '127', '1484', '1621', '1754', '105', '018', '148', '2106', '1459', '1437', '1031', '1808', '1414', '059', '1291', '1405', '147', '1817', '1644', '1436', '023', '036', '166', '1412', '1794', '1546', '1068', '2074', '1371', '1179', '045', '1485', '1429', '1518', '2081', '089', '1995', '1868', '1933', '1070', '1828', '1026', '1378', '1114', '1351', '1297', '1194', '1287', '1081', '1682', '1803', '1396', '1094', '996', '1604', '1752', '2099', '1331', '1308', '1881', '1946', '1845', '1619', '1835', '1997', '068', '2103', '1430', '1508', '1313', '1027', '1585', '1730', '1758', '1024', '077', '1232', '2095', '1565', '1611', '1940', '1551', '1098', '1653', '075', '1848', '129', '1315', '1590', '1132', '1799', '1380', '1476', '1931', '1688', '1856', '1123', '2143', '1970', '150', '1143', '1838', '1632', '1311', '1281', '1993', '1821', '1948', '007', '2066', '1601', '1841', '1059', '132', '1869', '2076', '1932', '1706', '141', '1878', '2082', '2071', '1365', '163', '1006', '1782', '1516', '152', '1057', '1780', '1386', '1498', '158', '1113', '1549', '1492', '1174', '1203', '1442', '1469', '1691', '1011', '1076', '1205', '1463', '1980', '017', '1840', '1555', '1314', '1527', '1600', '1009', '1185', '1744', '083', '1187', '1789', '008', '1455', '094', '1994', '2113', '1449', '1121', '1334', '1874', '1356', '1530', '1540', '1914', '1967', '1112', '1679', '1478', '1477', '000', '2040', '1032', '1106', '1177', '1225', '1236', '1419', '1357', '146', '1661', '1124', '1125', '1115', '2154', '1686', '2145', '1420', '1197', '1727', '1160', '1397', '1740', '1561', '054', '1208', '1687', '1169', '155', '120', '2126', '1288', '1347', '1816', '160', '1401', '1764', '1698', '1264', '1097', '1266', '1036', '1387', '1487', '1135', '1284', '1722', '1543', '2017', '1384', '1823', '107', '1322', '1307', '1533', '1119', '1685', '1161', '1048', '1711', '1480', '1626', '1597', '2068', '2086', '1362', '1770', '2069', '140', '1939', '1023', '1002', '124', '1324', '2047', '1612', '1630', '2134', '1078', '035', '1791', '1061', '1781', '1214', '1250', '1193', '1872', '050', '1145', '1260', '1998', '2019', '1467', '1217', '1283', '1408', '136', '1279', '2092', '1368', '1735', '1877', '1490', '1087', '1681', '2011', '1035', '1747', '1265', '1159', '1181', '1375', '1055', '069', '2044', '028', '1801', '1861', '2091', '2061', '1796', '1850', '2155', '1383', '2006', '1474', '087', '1062', '2085', '1924', '108', '1719', '2080', '1837', '1751', '2118', '1528', '1506', '1021', '1491', '1959', '1627', '1234', '101', '1054', '1558', '2119', '1851', '1710', '2077', '1183', '1586', '1904', '1245', '1592', '2148', '1573', '1918', '1729', '1306', '1913', '1074', '1202', '1510', '1792', '1620', '1229', '2001', '1800', '1892', '1096', '1270', '1867', '1985', '1319', '2052', '022', '061', '2048', '1928', '1589', '1131', '1460', '2129', '1140', '1578', '2005', '1968', '1063', '093', '1519', '1248', '100', '1557', '1896', '1684', '1133', '2138', '1029', '1210', '1560', '1215', '1286', '1669', '051', '1259', '1529', '1218', '1350', '118', '1254', '2127', '1163', '1044', '1188', '1444', '1391', '1580', '112', '1085', '1733', '1624', '1105', '1699', '2123', '1584', '1915', '1926', '078', '1522', '1795', '1144', '1606', '1008', '1975', '1456', '1860', '1742', '130', '1951', '2132', '2137', '1750', '1566', '072', '1073', '119', '1316', '1694', '1910', '1646', '052', '1666', '1614', '1355', '1108', '116', '2142', '1763', '1830', '1756', '1164', '1721', '1536', '1382', '2151', '1996', '1005', '2051', '055', '2139', '1987', '1875', '1787', '1170', '032', '1388', '1571', '1797', '1966', '1082', '1175', '1241', '1556', '2150', '1603', '1180', '1296', '1943', '1116', '1726', '1353', '1060', '1969', '1427', '1389', '1622', '1129', '1890', '2084', '1435', '1768', '1111', '2062', '1457', '1276', '2156', '1608', '1771', '060', '1712', '1822', '1332', '2020', '1496', '063', '1638', '1853', '154', '1453', '1889', '1012', '1802', '1991', '1045', '1293', '1901', '1374', '1788', '1064', '1609', '1130', '025', '1544', '1066', '1824', '1216', '1298', '1925', '1977', '1978', '1935', '1278', '110', '1410', '1849', '143', '1373', '1654', '1704', '1393', '1809', '2034', '1602', '2056', '070', '1274', '1779', '1240', '1326', '1605', '002', '1072', '1786', '1178', '2025', '1438', '1594', '164', '1479', '2046', '1212', '2003', '1090', '011', '121', '1141', '1224', '1299', '1277', '1058', '2029', '1964', '1509', '1195', '1089', '1042', '2010', '126', '1481', '1547', '1381', '1337', '1743', '1079', '1703', '040', '2007', '1257', '1672', '1127', '1753', '2021', '1398', '030', '1715', '137', '1623', '1731', '1292', '1884', '064', '1310', '1473', '1151', '1736', '026', '1865', '1343', '1294', '1482', '038', '1450', '1346', '1748', '2008', '1117', '1377', '1445', '1927', '1390', '1494', '1766', '1189', '1588', '2050', '1680', '1280', '113', '1328', '1014', '1616', '2022', '016', '1305', '2090', '2089', '1403', '1413', '1252', '149', '1572', '1157', '014', '1765', '2116', '1167', '2016', '1876', '114', '1773', '1330', '1201', '2107', '1349', '1256', '1363', '1636', '049', '1576', '1028', '2070', '1541', '1581', '2072', '056', '1017', '2144', '1961', '1916', '1424', '1847', '1262', '1209', '1088', '1575', '1930', '1503', '2032', '1962', '1452', '1263', '2110', '1563', '2122', '2102', '1101', '1134', '1811', '139', '1635', '2101', '1001', '1894', '1407', '1831', '1211', '092', '1974', '1156', '1718', '2131', '1746', '1162', '1142', '1421', '1675', '2112', '1440', '1034', '1826', '2035', '1583', '1168', '1705', '1862', '2055', '2088', '2004', '1109', '2121', '1118', '1855', '1655', '2114', '1321', '123', '1150', '2078', '1587', '1732', '1038', '1507', '1829', '1182', '1184', '1634', '1512', '1955', '1859', '1564', '1107', '1531', '1043', '006', '029', '142', '1501', '1165', '1243', '2064', '162', '071', '1617', '1447', '1500', '1261', '1239', '1854', '1656', '021', '1724', '1432', '1631', '151', '1834', '1812', '015', '1269', '1891', '1716', '1323', '1361', '1981', '2053', '1251', '1657', '1339', '1238', '2037', '134', '1468', '1677', '1907', '2115', '1077', '1650', '1052', '1139', '1944', '2038', '1767', '044', '1366', '1120', '1919', '086', '2100', '1231', '2012', '2135', '2059', '066', '1741', '1102', '1651', '1010', '1472', '1488', '1761', '1247', '1411', '1739', '2041', '1607', '1514', '128', '1301', '1415', '2136', '012', '1882', '1462', '1545', '1092', '1820', '2075', '2079', '135', '1345', '1385', '1629', '1692', '1938', '2097', '1957', '1071', '1921', '1047', '2018', '1423', '1003', '004', '2027', '1762', '1663', '2024', '1395', '005', '041', '1206', '1670', '1936', '1852', '2146', '1553', '2157', '1312', '1172', '1836', '1660', '033', '1198', '1039', '048', '1513', '1988', '1358', '1922', '1999', '1354', '1372', '067', '1221', '1126', '1542', '1965', '1359', '104', '1446', '1737', '1190', '1417', '159', '1643', '1720', '1219', '1295', '1598', '1749', '165', '1237', '2049', '1019', '1570', '167', '1911', '1317', '1303', '2093', '1122', '010', '1258', '1153', '1517', '1941', '1056', '2133', '1137', '076', '1819', '2111', '994', '1004', '1336', '1923', '1900', '1309', '2087', '1949', '1664', '1148', '1806', '1220', '2128', '1902', '013', '1369', '1454', '1595', '2108', '131', '1341', '1051', '1700', '156', '1777', '1702', '079', '1483', '2130', '1464', '053', '1110', '039', '1776', '046', '1982', '1972', '1191', '1340', '1790', '2098', '1428', '1842', '2030', '1899', '1683', '1344', '1689', '102', '1502', '1774', '1080', '109', '1433', '1271', '144', '099', '122', '1538', '1645', '1989', '1083', '2028', '1318', '1695', '1448', '1166', '1537', '1958', '1406', '1304', '1338', '1329', '1352', '2033', '1253', '106', '1725', '1327', '082', '1615', '103', '1532', '1465', '1025', '1486', '1559', '042', '1290', '1176', '1755', '1908', '1525', '133', '1246', '2026', '2000', '1641', '1707', '1696', '1499', '1539', '1574', '1734', '1207', '2045', '2039', '1833', '1613', '095', '1200', '1426', '1717', '1870', '1769', '1639', '2067', '024', '1798', '2149', '2124', '1893', '1863', '1887', '1591', '1392', '1697', '2058', '1333', '1658', '031', '1880', '1409', '1905', '1912', '1033', '1136', '2147', '1400', '157', '065', '2002', '1534', '1342', '1379', '1267', '027', '2054', '1648', '161', '034', '1552', '1728', '1909', '1990', '1582', '1242', '1839', '1886', '1128', '1431', '1425', '1818', '1273', '1599', '998', '1050', '1223', '1300', '1857', '1226', '1348', '1659', '1676', '1046', '057', '1649', '091', '1104', '1067', '085', '2104', '145', '2015', '1458', '1647', '997', '1879', '1920', '1577', '037', '096', '1871', '1714', '1489', '999', '1402', '1213', '1628', '1986', '2009', '1249', '2065', '111', '2125', '1228', '1668', '1515', '1937', '1562', '1030', '080', '1640', '1895', '1665', '2014', '058', '1693', '1713', '1843', '1086', '084', '1738', '1099', '1963', '1335', '1637', '2060', '1268', '2083', '1864', '1040']",[]
1592011819,['2158'],[]
1592055019,['2158'],[]
1592076619,['2158'],[]
1592119818,['2158'],[]
1592141418,"['416', '1848', '1849', '2158', '415']",[]
1592163019,['2158'],[]
1592184620,['2158'],[]
1592206219,"['2144', '2117', '2154', '2145', '2142', '2138', '2156', '2137', '2149', '2152', '2150', '2153', '2148', '2147', '2141', '2158', '2136', '2146', '2151', '2143', '2157', '2140', '2135', '2115', '2139', '2116', '2155']",[]
1592227819,['2158'],[]
1592271019,['2158'],[]
1592292620,['2158'],[]
1592314219,['2158'],[]
1592335818,['2158'],[]
1592357420,['2158'],[]
1592379019,['2158'],[]
1592400619,['2158'],[]
1592422220,['2158'],[]
1592443819,['2158'],[]
1592487023,"['906', '905', '907', '903', '904']",[]
1592551819,['2158'],[]
1592595019,['2158'],[]
1592616619,['2158'],[]
1592638219,['2158'],[]
1592659819,['2158'],[]
1592681419,['2158'],[]
1592703018,"['1193', '1192', '1190', '1189', '1188', '1191', '1187']",[]
1592724620,['2158'],[]
1592746219,['2158'],[]
1592789419,['2158'],[]
1592811019,['2158'],[]
1592832619,['2158'],[]
1592875819,['2158'],[]
1592897419,['2158'],[]
1592919018,['2158'],[]
1592940620,['2158'],[]
1592983837,"['056', '076', '027', '019', '074', '034', '006', '029', '073', '009', '060', '040', '071', '078', '068', '063', '042', '004', '021', '047', '030', '020', '015', '005', '041', '077', '013', '017', '064', '072', '025', '026', '001', '038', '057', '079', '052', '008', '033', '035', '003', '075', '053', '048', '039', '018', '050', '024', '037', '046', '044', '043', '016', '022', '061', '067', '059', '000', '070', '066', '062', '055', '014', '023', '036', '031', '032', '002', '080', '045', '011', '058', '069', '007', '054', '049', '012', '028', '081', '051', '065', '010']",[]
1593027018,['2158'],[]
1593070219,['2158'],[]
1593091819,"['1651', '2133', '1631', '1635', '1650', '2144', '1647', '1655', '1632', '2154', '1648', '1629', '1640', '1639', '2145', '1643', '2142', '1634', '2138', '2132', '2156', '2137', '1654', '2152', '2149', '1657', '2150', '1630', '2153', '2148', '2130', '2147', '1633', '1641', '2141', '1652', '1636', '2131', '1645', '1628', '2136', '1642', '2146', '2151', '1659', '1637', '2143', '1646', '1638', '2157', '2140', '2135', '1649', '1644', '2139', '1656', '1658', '2134', '2155', '1653']",[]
1593221419,['2158'],[]
1593286219,['2158'],[]
1593307819,['2158'],[]
1593351019,['2158'],[]
1593372619,['2158'],[]
1593437419,['2158'],[]
1593459019,['2158'],[]
1593523819,['2158'],[]
1593545421,['2158'],[]
1593567020,['2158'],[]
1593588619,['2158'],[]
1593653421,['2158'],[]
1593675019,['2158'],[]
1593739830,['2157'],[]
1593783019,"['003', '002', '006', '007', '2158', '001', '000', '005', '004']",[]
1593804619,['2158'],[]
1593826219,['2158'],[]
1593847819,['2158'],[]
1593912619,['2158'],[]
1593934219,['2158'],[]
1593977419,['2158'],[]
1593999020,['2158'],[]
1594020619,['2158'],[]
1594042219,['2158'],[]
1594085419,['2158'],[]
1594107019,['2158'],[]
1594128619,"['2158', '228']",[]
1594193419,['2158'],[]
1594236619,['2158'],[]
1594258219,['2158'],[]
1594279819,['2158'],[]
1594301419,"['889', '888']",[]
1594323020,"['1610', '1520', '828', '995', '1069', '1470', '874', '1667', '1441', '1523', '1049', '968', '1866', '1138', '1673', '1461', '927', '2094', '1222', '978', '1227', '1973', '1020', '1451', '1757', '1418', '1888', '933', '1497', '1302', '1674', '1233', '1815', '1579', '987', '1569', '1873', '2057', '1810', '1037', '1952', '923', '1018', '1945', '1784', '1709', '2105', '1642', '1196', '842', '2120', '1471', '2042', '1844', '1947', '1370', '921', '1983', '1701', '854', '1504', '1825', '1535', '1804', '1805', '1567', '1708', '794', '904', '1289', '1285', '2073', '1091', '2043', '1434', '1495', '1493', '1399', '1906', '1155', '1917', '1416', '1723', '1992', '1152', '1568', '1775', '1618', '1960', '861', '1282', '1439', '1171', '1230', '1903', '1858', '1360', '1521', '1942', '1173', '1793', '1954', '2013', '1898', '1979', '1255', '1199', '1984', '1275', '1778', '980', '1065', '1827', '1204', '1671', '1466', '1662', '1100', '872', '1652', '1505', '2109', '1783', '2063', '1526', '825', '1016', '1524', '1846', '1404', '1000', '1325', '1832', '1883', '1376', '1053', '1475', '1443', '1146', '1759', '2031', '1934', '1095', '1971', '1548', '1158', '1897', '1015', '2117', '1394', '1596', '1772', '1633', '1149', '1976', '1550', '1885', '1690', '1041', '1084', '2096', '808', '1192', '949', '1364', '1235', '1760', '1625', '1950', '897', '1022', '1953', '1814', '971', '1320', '1593', '1813', '1511', '1013', '1186', '1147', '839', '950', '1272', '849', '1154', '1103', '1422', '1554', '1367', '2023', '1678', '953', '1075', '1244', '1093', '1956', '1745', '881', '2036', '1929', '1807', '984', '1007', '1785', '1484', '1621', '1754', '2106', '1459', '846', '1437', '1031', '1808', '1414', '1291', '1405', '1817', '1644', '1436', '1412', '1794', '1546', '1068', '2074', '918', '851', '1371', '940', '1179', '1485', '1429', '1518', '2081', '1995', '863', '1868', '1933', '1070', '1828', '1026', '1378', '1114', '1351', '948', '1297', '1194', '1287', '1081', '1682', '1803', '879', '1396', '1094', '996', '1604', '1752', '2099', '935', '1331', '1308', '1881', '1946', '1845', '1619', '1835', '926', '1997', '2103', '1430', '1508', '1313', '972', '1027', '1585', '1730', '1758', '1024', '802', '871', '1232', '2095', '1565', '1611', '1940', '799', '909', '1551', '1098', '1653', '801', '1848', '1315', '1590', '1132', '1799', '1380', '1476', '899', '1931', '1688', '1856', '1123', '964', '1970', '823', '1143', '1838', '1632', '1311', '1281', '992', '1993', '1821', '1948', '2066', '1601', '1841', '1059', '1869', '2076', '1932', '1706', '1878', '2082', '2071', '1365', '1006', '1782', '1516', '855', '1057', '1780', '1386', '1498', '1113', '1549', '1492', '1174', '1203', '1442', '1469', '806', '915', '1691', '1011', '1076', '1205', '1463', '1980', '1840', '878', '1555', '1314', '1527', '1600', '1009', '954', '1185', '1744', '1187', '981', '1789', '1455', '1994', '2113', '1449', '1121', '1334', '1874', '1356', '1530', '1540', '919', '1914', '1967', '916', '1112', '1679', '1478', '869', '1477', '000', '976', '2040', '1032', '1106', '1177', '1225', '1236', '1419', '1357', '1661', '1124', '1125', '882', '1115', '1686', '1420', '1197', '1727', '1160', '1397', '1740', '1561', '843', '977', '1208', '1687', '1169', '835', '2126', '1288', '1347', '1816', '1401', '1764', '1698', '1264', '1097', '1266', '818', '1036', '1387', '1487', '1135', '1284', '1722', '939', '1543', '2017', '952', '1384', '1823', '1322', '895', '1307', '1533', '900', '1119', '1685', '1161', '1048', '1711', '1480', '1626', '1597', '2068', '2086', '1362', '1770', '2069', '1939', '1023', '1002', '1324', '2047', '1612', '1630', '2134', '1078', '1791', '1061', '1781', '1214', '1250', '1193', '1872', '1145', '1260', '1998', '2019', '1467', '1217', '1283', '1408', '1279', '924', '2092', '1368', '1735', '969', '1877', '1490', '1087', '1681', '2011', '1035', '1747', '1265', '1159', '1181', '1375', '1055', '877', '2044', '1801', '1861', '970', '2091', '2061', '1796', '1850', '1383', '2006', '1474', '1062', '2085', '1924', '1719', '2080', '1837', '1751', '891', '2118', '1528', '1506', '1021', '811', '1491', '1959', '1627', '1234', '798', '920', '1054', '1558', '2119', '1851', '1710', '2077', '1183', '1586', '1904', '1245', '1592', '983', '1573', '1918', '1729', '1306', '1913', '1074', '1202', '1510', '1792', '1620', '1229', '901', '960', '2001', '1800', '1892', '1096', '1270', '1867', '1985', '1319', '2052', '2048', '884', '1928', '1589', '1131', '1460', '2129', '1140', '1578', '2005', '922', '1968', '1063', '1519', '1248', '1557', '1896', '820', '1684', '1133', '1029', '1210', '1560', '1215', '938', '1286', '1669', '1259', '1529', '1218', '1350', '1254', '2127', '1163', '1044', '1188', '1444', '1391', '1580', '1085', '991', '1733', '1624', '1105', '1699', '2123', '1584', '1915', '1926', '1522', '1795', '1144', '824', '1606', '1008', '1975', '985', '1456', '1860', '1742', '912', '832', '1951', '2132', '2137', '1750', '1566', '1073', '1316', '1694', '896', '1910', '1646', '1666', '1614', '1355', '1108', '975', '845', '1763', '1830', '1756', '1164', '873', '1721', '1536', '1382', '1996', '1005', '2051', '1987', '887', '1875', '850', '1170', '1787', '817', '1388', '1571', '1797', '1966', '1082', '1175', '1241', '1556', '1603', '1180', '1296', '1943', '1116', '1726', '1353', '1060', '1969', '1427', '1389', '1622', '1129', '1890', '913', '2084', '917', '1435', '1768', '1111', '2062', '1457', '1276', '1608', '827', '1771', '1712', '1822', '1332', '2020', '1496', '1638', '1853', '1453', '1889', '886', '814', '1012', '1802', '1991', '1045', '1293', '1901', '1374', '1788', '1064', '1609', '959', '1130', '1544', '1066', '1824', '1216', '892', '1298', '1925', '1977', '1978', '1935', '1278', '812', '890', '1410', '1849', '1373', '1654', '1704', '1393', '945', '1809', '2034', '1602', '2056', '1274', '1779', '1240', '1326', '1605', '1072', '1786', '1178', '2025', '1438', '1594', '1479', '2046', '1212', '903', '2003', '1090', '1141', '1224', '816', '1299', '1277', '993', '1058', '2029', '1964', '1509', '1195', '1089', '1042', '2010', '1481', '1547', '1381', '1337', '1743', '1079', '1703', '2007', '1257', '1672', '1127', '988', '1753', '2021', '979', '990', '1398', '1715', '1623', '1731', '946', '1292', '1884', '1310', '1473', '1151', '1736', '1865', '1343', '1294', '1482', '1450', '1346', '1748', '2008', '1117', '1377', '1445', '1927', '1390', '1494', '1766', '1189', '1588', '2050', '1680', '1280', '1328', '1014', '1616', '2022', '1305', '2090', '2089', '1403', '1413', '1252', '1572', '1157', '1765', '2116', '1167', '2016', '860', '1876', '1773', '1330', '1201', '2107', '1349', '1256', '1363', '1636', '1576', '1028', '2070', '1541', '1581', '2072', '1017', '1961', '1916', '1424', '1847', '1262', '1209', '1088', '1575', '1930', '1503', '2032', '1962', '1452', '1263', '2110', '1563', '2122', '2102', '1101', '1134', '1811', '931', '1635', '836', '2101', '1001', '1894', '1407', '1831', '1211', '1974', '1156', '1718', '2131', '803', '1746', '937', '1162', '1142', '822', '925', '853', '1421', '1675', '804', '2112', '1440', '1034', '1826', '2035', '1583', '1168', '1705', '1862', '2055', '2088', '2004', '1109', '2121', '1118', '930', '1855', '1655', '955', '2114', '888', '1321', '1150', '2078', '1587', '1732', '1038', '1507', '1829', '1182', '1184', '1634', '1512', '1955', '1859', '865', '1564', '1107', '856', '1531', '1043', '1501', '1165', '1243', '2064', '813', '1617', '1447', '1500', '914', '1261', '1239', '1854', '1656', '1724', '1432', '1631', '1834', '1812', '1269', '929', '1891', '1716', '966', '1323', '1361', '1981', '2053', '1251', '1657', '958', '1339', '1238', '2037', '1468', '1677', '1907', '2115', '1077', '1650', '1052', '1139', '1944', '2038', '1767', '1366', '1120', '1919', '2100', '1231', '2012', '2135', '2059', '907', '1741', '1102', '1651', '1010', '1472', '963', '1488', '1761', '841', '1247', '1411', '1739', '2041', '1607', '826', '1514', '1301', '1415', '2136', '830', '1882', '1462', '1545', '1092', '1820', '2075', '2079', '796', '905', '852', '1345', '1385', '1629', '1692', '1938', '2097', '1957', '1071', '1921', '889', '1047', '2018', '1423', '1003', '2027', '1762', '1663', '2024', '1395', '1206', '1670', '1936', '1852', '1553', '1312', '1172', '1836', '1660', '1198', '947', '1039', '1513', '944', '1988', '829', '859', '1358', '1922', '1999', '1354', '1372', '815', '1221', '840', '1126', '1542', '1965', '1359', '1446', '1737', '1190', '1417', '1643', '1720', '1219', '1295', '870', '1598', '1749', '973', '875', '1237', '2049', '1019', '1570', '1911', '1317', '1303', '2093', '1122', '1258', '1153', '1517', '1941', '1056', '2133', '1137', '1819', '2111', '994', '1004', '1336', '1923', '1900', '1309', '2087', '1949', '1664', '1148', '1806', '1220', '2128', '1902', '936', '867', '866', '1369', '1454', '1595', '2108', '932', '1341', '1051', '1700', '857', '1777', '1702', '1483', '961', '957', '2130', '1464', '1110', '1776', '1972', '1982', '1191', '1340', '1790', '2098', '1428', '1842', '2030', '1899', '1683', '1344', '1689', '844', '1502', '1774', '1080', '1433', '1271', '1538', '1645', '1989', '1083', '2028', '1318', '1695', '1448', '1166', '1537', '1958', '906', '1406', '848', '1304', '1338', '1329', '1352', '2033', '902', '1253', '1725', '1327', '1615', '911', '862', '1532', '1465', '1025', '1486', '1559', '837', '838', '1290', '1176', '1755', '1908', '1525', '943', '941', '942', '1246', '2026', '2000', '1641', '805', '1707', '1696', '880', '1499', '1539', '1574', '1734', '1207', '2045', '2039', '1833', '967', '1613', '1200', '1426', '1717', '1769', '1870', '1639', '934', '2067', '898', '1798', '962', '883', '1893', '2124', '1863', '1887', '1591', '1392', '1697', '821', '885', '2058', '1333', '1658', '1880', '1905', '1409', '1912', '894', '1033', '1136', '795', '1400', '2002', '1534', '1342', '1379', '1267', '974', '2054', '1648', '928', '1552', '1728', '989', '1909', '1990', '1582', '1242', '1839', '1886', '910', '1128', '1431', '893', '876', '800', '1425', '1818', '1273', '956', '1599', '998', '1050', '868', '1223', '1300', '1857', '1226', '986', '1348', '1659', '1676', '1046', '1649', '908', '1104', '1067', '2104', '2015', '1458', '1647', '997', '1879', '810', '1920', '1577', '864', '1871', '1714', '1489', '999', '1402', '1213', '1628', '1986', '2009', '1249', '2065', '2125', '1228', '1668', '1515', '1937', '951', '1562', '1030', '1640', '1895', '1665', '2014', '847', '1693', '1713', '965', '1843', '1086', '982', '1738', '1099', '1963', '1335', '1637', '2060', '1268', '2083', '1864', '858', '1040']",[]
1594344622,"['003', '032', '030', '027', '020', '015', '005', '004', '018', '019', '034', '013', '006', '025', '011', '022', '026', '009', '007', '012', '028', '010', '014', '008', '023', '036', '021', '033', '031', '035']",[]
1594366220,['2158'],[]
1594409420,['2158'],[]
1594452619,"['1720', '1718', '1719', '1721', '2158']",[]
1594474220,['2158'],[]
1594539019,['2158'],[]
1594560620,['2158'],[]
1594582219,['2158'],[]
1594603819,['2158'],[]
1594668619,['2158'],[]
1594711820,['2158'],[]
1594733419,['2158'],[]
1594755020,['2158'],[]
1594776619,['2158'],[]
1594798219,['2158'],[]
1594819819,['2158'],[]
1594841420,['2158'],[]
1594863019,['2158'],[]
1594884619,['2158'],[]
1594906219,['2158'],[]
1594927820,"['520', '2158', '519', '521']",[]
1594992620,['2158'],[]
1595014219,['2158'],[]
1595035820,['2158'],[]
1595057419,['2158'],[]
1595079028,['2157'],[]
1595100619,['2158'],[]
1595143828,['580'],[]
1595165420,"['1728', '1729', '1730', '2158', '403', '404']",[]
1595187020,['2158'],[]
1595230219,"['003', '002', '015', '005', '273', '018', '019', '013', '006', '017', '276', '011', '016', '279', '280', '009', '007', '275', '2158', '001', '000', '012', '277', '274', '010', '014', '008', '004', '278']",[]
1595273419,['2158'],[]
1595316620,['2158'],[]
1595359819,['2158'],[]
1595381419,['2158'],[]
1595424619,['2158'],[]
1595446219,['2158'],[]
1595467819,"['2158', '1947']",[]
1595489419,['2158'],[]
1595511020,['2158'],[]
1595597419,"['575', '576']",[]
1595619020,['2158'],[]
1595640619,['2158'],[]
1595662220,['2158'],[]
1595727018,['2158'],[]
1595748619,['2158'],[]
1595770219,"['1765', '2158', '1766']",[]
1595813419,['2158'],[]
1595856619,['2158'],[]
1595878219,['2158'],[]
1595899820,['2158'],[]
1595921419,['2158'],[]
1595943019,['2158'],[]
1595964619,['2158'],[]
1595986219,"['2158', '137']",[]
1596029419,"['285', '2158']",[]
1596072619,['2158'],[]
1596094219,['2158'],[]
1596115819,"['1610', '1520', '828', '995', '1069', '1470', '874', '1667', '793', '1441', '1523', '778', '1049', '968', '1866', '414', '718', '562', '1138', '1673', '1461', '927', '2094', '2140', '1222', '772', '978', '1227', '475', '1973', '617', '664', '576', '1020', '1451', '607', '1757', '1418', '1888', '933', '1497', '1302', '1674', '1233', '1815', '529', '406', '1579', '987', '1569', '1873', '2057', '1810', '1037', '600', '1952', '923', '1018', '1945', '797', '1784', '2141', '1709', '2105', '568', '1642', '671', '1196', '842', '2120', '1471', '2042', '1844', '559', '1947', '1370', '921', '1701', '854', '1983', '1504', '1825', '1535', '1804', '1805', '1567', '1708', '511', '794', '904', '741', '1289', '1285', '2073', '1091', '2043', '1434', '779', '1495', '1493', '1399', '756', '1906', '701', '1155', '1917', '1416', '1723', '1992', '1152', '1568', '605', '1775', '1618', '1960', '861', '1282', '761', '1439', '1171', '460', '516', '1230', '1903', '1858', '640', '1360', '1521', '1942', '1173', '1793', '1954', '2013', '1898', '1979', '1255', '1199', '1984', '785', '1275', '1778', '980', '1065', '1827', '1204', '456', '638', '1671', '1466', '595', '1662', '409', '833', '1100', '872', '1652', '411', '649', '1505', '807', '437', '2109', '1783', '537', '589', '655', '2063', '1526', '579', '825', '1016', '1524', '1846', '1404', '1000', '716', '1325', '1832', '1883', '1376', '1053', '580', '1475', '1443', '1146', '1759', '726', '2031', '1934', '1095', '504', '450', '1971', '1548', '1158', '1897', '679', '1015', '2117', '1394', '1596', '1772', '647', '470', '1633', '599', '767', '1149', '1976', '1550', '1885', '1690', '1041', '765', '1084', '2096', '808', '1192', '949', '1364', '465', '658', '1235', '1625', '1760', '1950', '897', '1022', '1953', '1814', '971', '1320', '532', '776', '1593', '1813', '1511', '1013', '1186', '423', '1147', '492', '839', '950', '410', '1272', '849', '1154', '1103', '1422', '1554', '1367', '2023', '604', '678', '1678', '728', '953', '1075', '1244', '1093', '1956', '1745', '881', '660', '2036', '1929', '1807', '984', '1007', '1785', '1484', '1621', '1754', '2106', '1459', '846', '567', '1437', '697', '1031', '1414', '1808', '635', '1291', '637', '1405', '1817', '1644', '1436', '1412', '1546', '1068', '1794', '2074', '918', '851', '651', '1371', '940', '1179', '494', '1485', '1429', '514', '1518', '2081', '1995', '863', '1868', '1933', '1070', '1828', '1026', '1378', '1114', '508', '1351', '948', '1297', '1194', '1287', '1081', '1682', '1803', '879', '1396', '1094', '996', '1604', '1752', '2099', '586', '935', '1331', '485', '512', '1308', '1881', '1946', '505', '1845', '711', '462', '1619', '1835', '926', '1997', '2103', '1430', '1508', '688', '1313', '972', '1027', '1585', '1730', '1758', '1024', '802', '871', '657', '1232', '587', '2095', '1565', '1611', '1940', '799', '404', '415', '909', '1551', '1098', '1653', '801', '1848', '609', '398', '1315', '578', '1590', '1132', '1799', '1380', '1476', '899', '1931', '556', '1688', '720', '1856', '548', '1123', '964', '1970', '731', '823', '598', '1143', '1838', '429', '1632', '493', '1311', '1281', '992', '513', '1993', '1821', '531', '630', '1948', '791', '2066', '1601', '1841', '1059', '1869', '2076', '1932', '668', '1706', '1878', '2071', '1365', '2082', '592', '1006', '1782', '1516', '855', '1057', '1780', '1386', '749', '764', '644', '1498', '1113', '740', '1549', '675', '707', '834', '1492', '775', '1174', '1203', '1442', '1469', '806', '915', '1691', '1011', '1076', '1205', '1463', '1980', '695', '1840', '878', '1555', '1314', '1527', '736', '1600', '1009', '954', '1185', '394', '1744', '674', '1187', '628', '981', '1789', '753', '1455', '746', '1994', '626', '2113', '1449', '1121', '1334', '1874', '488', '1356', '1530', '1540', '919', '1914', '1967', '468', '916', '1112', '1478', '1679', '662', '869', '1477', '976', '2040', '1032', '545', '1106', '1177', '553', '636', '1225', '788', '1236', '430', '1419', '1357', '1661', '1124', '1125', '882', '1115', '407', '1686', '1420', '1197', '1727', '540', '1160', '1397', '1740', '1561', '721', '843', '977', '1208', '1687', '1169', '484', '474', '835', '467', '2126', '1288', '1347', '766', '694', '1816', '1401', '747', '1764', '1698', '1264', '1097', '1266', '818', '1036', '408', '1387', '1487', '620', '1135', '1284', '1722', '939', '1543', '2017', '613', '952', '763', '1384', '1823', '777', '742', '1322', '895', '1307', '1533', '900', '1119', '757', '397', '534', '1685', '1161', '1048', '1711', '1480', '1626', '1597', '591', '2068', '2086', '1362', '1770', '2069', '434', '1939', '1023', '1002', '1324', '2047', '1612', '1630', '2134', '1078', '1791', '526', '1061', '1781', '1214', '483', '1250', '1193', '1872', '1145', '1260', '1998', '2019', '1467', '1217', '1283', '583', '1408', '402', '1279', '543', '924', '2092', '1368', '685', '969', '1735', '1877', '509', '1490', '1087', '663', '1681', '2011', '517', '1035', '1747', '770', '1265', '1159', '1181', '1375', '1055', '877', '2044', '461', '1801', '1861', '970', '2091', '395', '2061', '1796', '1850', '1383', '2006', '1474', '639', '1062', '754', '2085', '730', '1924', '1719', '547', '2080', '1837', '1751', '891', '683', '2118', '603', '1528', '1506', '641', '1021', '811', '1491', '1627', '1959', '1234', '798', '920', '1054', '1558', '2119', '452', '469', '1851', '1710', '401', '2077', '642', '1183', '1586', '1904', '1245', '1592', '558', '669', '983', '1573', '1918', '1729', '1306', '725', '1913', '1074', '1202', '1510', '1792', '438', '1620', '1229', '901', '960', '2001', '1800', '1892', '418', '560', '1096', '1270', '479', '1867', '1985', '1319', '2052', '884', '2048', '686', '1928', '1589', '1131', '1460', '2129', '1140', '1578', '780', '922', '1968', '2005', '676', '1063', '464', '693', '1519', '1248', '510', '703', '1557', '1896', '820', '518', '1684', '1133', '2138', '574', '629', '1029', '1210', '1560', '1215', '755', '938', '1286', '1669', '1259', '1529', '715', '1218', '1350', '1254', '2127', '1163', '1044', '1188', '1444', '1391', '1580', '692', '1085', '991', '1733', '1624', '1105', '1699', '425', '2123', '1584', '1915', '1926', '473', '1522', '1795', '1144', '824', '1606', '403', '1008', '1975', '985', '1456', '400', '790', '1860', '1742', '912', '832', '1951', '2132', '819', '2137', '1750', '1566', '1073', '491', '1316', '1694', '896', '1910', '831', '1646', '585', '1666', '1614', '621', '1355', '482', '1108', '502', '975', '677', '845', '431', '1763', '1830', '455', '768', '1756', '1164', '873', '1721', '1536', '1382', '1996', '1005', '2051', '2139', '1987', '781', '670', '850', '412', '887', '1170', '1787', '1875', '523', '817', '1388', '1571', '1797', '471', '1082', '1966', '1175', '1241', '684', '1556', '551', '1603', '751', '1180', '1296', '1943', '1116', '1726', '1353', '1060', '1969', '1427', '1040', '1389', '1622', '1129', '1890', '913', '2084', '917', '1435', '1768', '1111', '2062', '1457', '1276', '500', '544', '1608', '827', '1771', '413', '453', '539', '1712', '1822', '570', '1332', '2020', '1496', '1638', '1853', '1453', '1889', '886', '814', '1012', '1802', '1991', '458', '1045', '1293', '1901', '1374', '1788', '1064', '1609', '959', '1130', '1544', '419', '1066', '1824', '593', '1216', '892', '1298', '784', '1925', '1977', '1978', '1935', '421', '1278', '812', '442', '723', '890', '712', '1410', '752', '1849', '1373', '1654', '1704', '625', '1393', '606', '945', '1809', '2034', '1602', '2056', '541', '1274', '735', '1240', '1779', '1326', '1605', '612', '1072', '1786', '1178', '2025', '1438', '1594', '582', '1479', '2046', '1212', '903', '2003', '1090', '634', '714', '1141', '1224', '816', '1299', '499', '1277', '993', '1058', '2029', '1964', '1509', '1195', '1089', '1042', '622', '2010', '762', '631', '1481', '528', '1547', '572', '1381', '665', '1337', '1743', '710', '1079', '1703', '2007', '1257', '648', '627', '1672', '787', '1127', '489', '988', '480', '1753', '2021', '979', '990', '1398', '1715', '1623', '1731', '946', '1292', '1884', '1310', '1473', '1151', '1736', '1865', '573', '1343', '1294', '1482', '1450', '601', '1346', '759', '1748', '561', '2008', '521', '643', '1117', '1377', '1445', '1927', '1390', '1494', '1766', '1189', '1588', '2050', '1680', '1280', '1328', '1014', '1616', '2022', '445', '1305', '2090', '2089', '1403', '1413', '616', '1252', '1572', '1157', '1765', '2116', '611', '1167', '2016', '860', '1876', '1773', '1330', '1201', '2107', '569', '1349', '1256', '1363', '566', '1636', '1576', '481', '503', '472', '1028', '2070', '602', '1541', '1581', '2072', '704', '1017', '737', '1961', '1916', '490', '1424', '1847', '1262', '1209', '1088', '717', '1575', '1930', '1503', '2032', '1962', '1452', '1263', '2110', '1563', '2122', '2102', '535', '1101', '1134', '1811', '931', '1635', '564', '447', '836', '2101', '1001', '722', '1894', '1407', '565', '1831', '1211', '1974', '1156', '1718', '2131', '803', '1746', '937', '1162', '1142', '822', '925', '610', '853', '709', '1421', '1675', '804', '477', '2112', '519', '1440', '399', '487', '1034', '1826', '2035', '1168', '1583', '1705', '524', '1862', '2055', '2088', '745', '554', '2004', '1109', '2121', '1118', '930', '451', '1855', '1655', '955', '2114', '702', '440', '888', '1321', '1150', '748', '2078', '1587', '1732', '1038', '633', '436', '1507', '515', '577', '1829', '1182', '1184', '1634', '476', '1512', '1955', '1859', '865', '1564', '1107', '856', '1531', '1043', '1501', '738', '1165', '1243', '2064', '687', '813', '1617', '1447', '1500', '724', '914', '1261', '1239', '1854', '1656', '705', '1724', '1432', '1631', '653', '1834', '1812', '1269', '486', '929', '1891', '1716', '966', '1323', '1361', '1981', '2053', '1251', '1657', '958', '1339', '1238', '2037', '1468', '1677', '1907', '2115', '1077', '549', '1650', '1052', '1139', '1944', '744', '2038', '1767', '1366', '457', '1120', '1919', '2100', '1231', '2012', '2135', '2059', '907', '1741', '1102', '1651', '1010', '1472', '963', '1488', '1761', '841', '699', '1247', '1411', '1739', '2041', '584', '1607', '826', '1514', '1301', '1415', '581', '830', '1882', '2136', '1462', '1545', '1092', '652', '1820', '2075', '520', '2079', '594', '796', '905', '852', '1345', '1385', '689', '1629', '1692', '1938', '2097', '773', '1957', '454', '1071', '1921', '405', '789', '552', '889', '661', '1047', '615', '2018', '1423', '1003', '2027', '1762', '1663', '2024', '1395', '432', '446', '449', '588', '734', '782', '1206', '1670', '1936', '1852', '1553', '1312', '1172', '1836', '1660', '1198', '947', '1039', '1513', '944', '1988', '829', '859', '1358', '1922', '1999', '498', '1354', '1372', '815', '608', '646', '1221', '840', '1126', '1542', '1965', '1359', '645', '614', '1446', '1737', '1190', '1417', '1643', '1720', '1219', '1295', '870', '1598', '1749', '973', '459', '875', '1237', '2049', '1019', '1570', '1911', '1317', '1303', '2093', '1122', '1258', '1517', '1941', '1056', '2133', '1137', '1819', '2111', '994', '690', '555', '1004', '1336', '501', '1923', '1900', '416', '700', '1309', '2087', '1949', '1664', '719', '1148', '1806', '1220', '2128', '1902', '936', '867', '786', '866', '1369', '1454', '1595', '2108', '463', '650', '932', '1341', '1051', '1700', '624', '857', '1777', '1702', '1483', '961', '632', '957', '2130', '727', '1464', '1110', '1776', '1972', '1982', '623', '1191', '682', '533', '1340', '666', '1790', '2098', '507', '1428', '1842', '2030', '1899', '466', '1683', '1344', '656', '1689', '844', '1502', '1774', '1080', '708', '1433', '1271', '1538', '1645', '1989', '1083', '2028', '1318', '732', '1695', '1448', '571', '1166', '1537', '1958', '906', '1406', '848', '1304', '1338', '1329', '1352', '2033', '444', '902', '596', '1253', '1725', '530', '729', '1327', '654', '1615', '911', '862', '1532', '1465', '1025', '1486', '837', '838', '1559', '680', '1290', '563', '739', '1176', '672', '1755', '1908', '1525', '943', '941', '942', '1246', '2026', '522', '750', '2000', '1641', '805', '597', '1696', '1707', '880', '1499', '618', '1539', '1574', '1734', '420', '546', '1207', '2045', '2039', '1833', '967', '1613', '448', '1200', '1426', '1717', '1769', '1870', '1639', '934', '2067', '525', '898', '1798', '962', '427', '883', '1893', '2124', '1863', '1887', '1591', '1392', '1697', '821', '696', '885', '2058', '1333', '1658', '1880', '1409', '1905', '527', '1912', '496', '497', '894', '1033', '1136', '575', '795', '1400', '667', '2002', '1534', '557', '743', '1342', '1379', '1267', '974', '2054', '1648', '928', '1552', '1728', '989', '1909', '733', '758', '1990', '1582', '1242', '1839', '698', '1886', '910', '1128', '1431', '893', '713', '506', '876', '800', '1425', '1818', '1273', '956', '1599', '998', '1050', '868', '536', '1223', '1300', '1857', '619', '771', '1226', '986', '1348', '1659', '1676', '1046', '706', '1649', '908', '1104', '783', '538', '590', '1067', '2104', '774', '2015', '1458', '1647', '997', '1879', '810', '1920', '1577', '864', '1871', '1714', '1489', '999', '1402', '1213', '1628', '1986', '2009', '1249', '542', '2065', '2125', '769', '1228', '1668', '1515', '1937', '951', '1562', '1030', '1640', '1895', '495', '1665', '2014', '478', '847', '1693', '1713', '965', '1843', '1086', '982', '1099', '673', '760', '809', '1335', '1738', '1963', '550', '1637', '2060', '1268', '659', '2083', '681', '691', '1864', '792', '858', '1153']",[]
1596137420,"['003', '009', '002', '007', '2158', '000', '005', '004']",[]
1596159018,"['1268', '1269', '1754', '1753']",[]
1596223819,['2158'],[]
1596267019,['2158'],[]
1596288619,['2158'],[]
1596310219,['2158'],[]
1596331820,['2158'],[]
1596353419,['2158'],[]
1596439819,['2158'],[]
1596461419,['2158'],[]
1596483021,['2158'],[]
1596591019,['2158'],[]
1596677423,"['1904', '1905']",[]
1596699019,['2158'],[]
1596763819,['2158'],[]
1596807019,['2158'],[]
1596850220,['2158'],[]
1596893419,['2158'],[]
1596915019,['2158'],[]
1597001430,"['283', '227', '291', '263', '260', '284', '056', '184', '160', '202', '076', '027', '087', '135', '247', '264', '126', '152', '253', '108', '203', '019', '074', '161', '112', '034', '006', '029', '222', '106', '142', '192', '242', '158', '261', '082', '073', '265', '204', '009', '214', '194', '215', '138', '060', '162', '103', '040', '071', '200', '257', '078', '287', '235', '068', '107', '063', '274', '252', '225', '154', '101', '042', '004', '098', '021', '209', '213', '047', '139', '232', '151', '234', '181', '030', '133', '020', '137', '262', '015', '005', '041', '254', '173', '273', '130', '077', '190', '013', '174', '017', '276', '064', '172', '206', '092', '153', '072', '025', '233', '205', '224', '131', '191', '221', '026', '223', '280', '178', '119', '090', '240', '288', '134', '001', '196', '038', '156', '083', '140', '269', '057', '079', '124', '2157', '187', '246', '219', '097', '244', '052', '245', '238', '091', '008', '177', '270', '212', '185', '033', '035', '094', '003', '285', '075', '271', '127', '085', '053', '145', '207', '048', '229', '266', '226', '095', '193', '105', '250', '129', '176', '039', '018', '188', '148', '116', '110', '050', '024', '037', '046', '115', '113', '117', '096', '201', '143', '044', '290', '251', '043', '016', '022', '061', '255', '136', '216', '210', '067', '249', '059', '169', '000', '231', '086', '070', '277', '149', '237', '180', '147', '111', '186', '183', '175', '066', '062', '179', '055', '104', '014', '023', '036', '150', '166', '088', '146', '248', '218', '031', '278', '032', '002', '093', '198', '189', '199', '114', '080', '239', '100', '159', '045', '164', '220', '258', '197', '102', '182', '281', '259', '123', '089', '228', '011', '165', '109', '121', '217', '279', '144', '099', '058', '122', '069', '007', '289', '054', '171', '049', '128', '211', '275', '268', '012', '084', '195', '157', '167', '132', '155', '125', '081', '028', '241', '120', '051', '256', '267', '243', '065', '208', '236', '168', '141', '230', '010', '286', '272', '282', '118', '163', '170']",[]
1597066228,['2157'],[]
1597131019,['2158'],[]
1597152619,['2158'],[]
1597174219,['2158'],[]
1597217429,"['2157', '1152', '1153']",[]
1597260619,['2158'],[]
1597282219,['2158'],[]
1597303819,['2158'],[]
1597325419,['2158'],[]
1597519819,['2158'],[]
1597541420,['2158'],[]
1597584619,['2158'],[]
1597606219,['2158'],[]
1597627819,"['2158', '886']",[]
1597649419,['2158'],[]
1597692619,['2158'],[]
1597757419,['2158'],[]
1597779026,"['992', '994', '993']",[]
1597800619,"['714', '2158']",[]
1597843829,['2157'],[]
1597865419,['911'],[]
1597887021,['303'],[]
1597908619,['2158'],[]
1597930219,['2158'],[]
1598059820,['2158'],[]
1598103019,['2158'],[]
1598189418,"['2016', '2017']",[]
1598211019,['2158'],[]
1598254222,['499'],[]
1598275819,['2158'],[]
1598297418,"['739', '740', '1462', '016']",[]
1598319019,"['2158', '810', '1553']",[]
1598362219,['2158'],[]
1598383819,['2158'],[]
1598405418,"['1459', '1022', '1458', '1785', '1023']",[]
1598448619,"['1881', '1145', '2158', '1144', '1882']",[]
1598470219,"['1494', '2158', '1495', '1493']",[]
1598491819,"['1679', '523', '1678', '2019', '521', '2158', '2021', '522', '524', '2020']",[]
1598513419,['2158'],[]
1598556625,"['1119', '1105', '1120', '1106', '1118', '1122', '1115', '1117', '1110', '1109', '1113', '1107', '1108', '1111', '1116', '1114', '1121', '1112']",[]
1598621419,['2158'],[]
1598664622,"['1815', '1814']",[]
1598686219,"['003', '002', '2158', '001', '000', '005', '004']",[]
1598707819,['2158'],[]
1598751019,['2158'],[]
1598772619,['2158'],[]
1598794219,['2158'],[]
1598859018,['2158'],[]
1598902219,['2158'],[]
1598923819,['2158'],[]
1598967019,['2158'],[]
1598988619,['2158'],[]
1599010219,['2158'],[]
1599031818,['2158'],[]
1599053420,['2158'],[]
1599096619,['2158'],[]
1599139819,['2158'],[]
1599161418,['2158'],[]
1599204619,['2158'],[]
1599226219,['2158'],[]
1599247818,"['560', '559']",[]
1599269419,['2158'],[]
1599291019,['2158'],[]
1599312619,"['2158', '686']",[]
1599377419,['2158'],[]
1599420619,['2158'],[]
1599442218,"['2158', '1181']",[]
1599485419,['2158'],[]
1599571820,['2158'],[]
1599636619,['2158'],[]
1599701419,['2158'],[]
1599809419,['2158'],[]
1599831019,"['518', '523', '539', '515', '380', '547', '514', '513', '510', '529', '2158', '511', '546', '531', '536', '528', '512', '381']",[]
1599852620,['2158'],[]
1599874219,['2158'],[]
1599895819,['2158'],[]
1599917419,['2115'],[]
1599939019,"['003', '009', '002', '006', '007', '2158', '001', '000', '008', '005', '004']",[]
1599960620,['2158'],[]
1600025420,"['331', '332', '596', '403', '342', '2158', '472', '330', '595', '329', '473', '404']",[]
1600047018,"['777', '775', '767', '774', '770', '771', '769', '2158', '776', '773', '772', '768']",[]
1600068619,['2158'],[]
1600090219,['2158'],[]
1600155018,"['1852', '1759', '1758']",[]
1600176618,['2158'],[]
1600219819,['2158'],[]
1600241420,['2158'],[]
1600263019,['2158'],[]
1600284620,"['2074', '2096', '2084', '1908', '2072', '2104', '2054', '2101', '2085', '2077', '2062', '2106', '2067', '2073', '2068', '2057', '2097', '2108', '2099', '2086', '2081', '2080', '2107', '2095', '2064', '2078', '2098', '2069', '2090', '2066', '2105', '2089', '2100', '2056', '1942', '2055', '2088', '2087', '1907', '2092', '2065', '2094', '2103', '2075', '2060', '2063', '2076', '2091', '2059', '2079', '2093', '2061', '2058', '2083', '2082', '2071', '2102', '2070']",[]
1600306219,"['2006', '2127', '2096', '2133', '2084', '1958', '2072', '2010', '2111', '2054', '1960', '2144', '1961', '2085', '528', '2062', '2033', '516', '2097', '501', '2156', '2099', '2080', '530', '532', '1957', '512', '382', '2064', '2123', '1990', '2118', '2017', '2032', '2007', '1962', '2087', '2020', '2018', '2094', '1997', '2103', '2110', '1959', '2013', '2140', '506', '1979', '2021', '2122', '2102', '2027', '2119', '535', '1991', '2024', '1975', '1984', '534', '1973', '2101', '2128', '2077', '1986', '1980', '2068', '2132', '2023', '2108', '2137', '1981', '2086', '2053', '2026', '2095', '522', '1974', '2153', '2148', '2000', '2069', '2131', '2037', '2146', '2109', '537', '2008', '2157', '2063', '521', '2115', '2047', '1977', '1978', '2036', '2134', '2045', '2130', '2039', '1994', '526', '2104', '2015', '529', '2113', '2001', '502', '1988', '2106', '2067', '2142', '2050', '525', '1998', '2019', '2112', '2038', '1972', '519', '2057', '1985', '1999', '1982', '2149', '1967', '2052', '2022', '2048', '533', '2124', '2035', '2141', '2098', '2090', '2105', '2089', '507', '2034', '2056', '2031', '2040', '2100', '2151', '524', '2055', '2088', '1965', '2120', '2143', '2092', '1996', '2065', '2012', '2042', '504', '2125', '2004', '2129', '2135', '2059', '2051', '2058', '1970', '2139', '1987', '2116', '1983', '2005', '1971', '1968', '2121', '509', '2030', '2074', '2016', '523', '527', '2070', '2011', '511', '2117', '327', '517', '2154', '510', '1966', '2025', '2145', '2114', '2009', '2073', '518', '2046', '2138', '514', '2043', '513', '1993', '2152', '2081', '1995', '531', '2150', '2003', '2107', '2041', '2014', '2147', '2078', '2049', '2066', '1989', '2136', '1963', '1976', '2044', '2028', '503', '508', '2075', '2060', '2126', '2076', '2091', '1969', '2029', '515', '520', '2061', '2079', '2093', '2002', '2083', '2082', '2071', '1964', '2155', '1992']",[]
1600327820,['2158'],[]
1600349419,"['566', '564', '565', '567', '2158']",[]
1600371018,['1584'],[]
1600392619,['2158'],[]
1600479028,"['003', '002', '030', '027', '020', '015', '005', '018', '019', '013', '006', '029', '017', '024', '025', '011', '016', '022', '026', '009', '007', '001', '000', '012', '028', '010', '014', '008', '023', '004', '021', '031']",[]
1600500619,['2158'],[]
1600522219,['2158'],[]
1600587019,['2158'],[]
1600608619,['2158'],[]
1600630219,"['792', '2158', '791']",[]
1600695019,['2158'],[]
1600716618,['2158'],[]
1600738218,['2158'],[]
1600759819,['2158'],[]
1600781419,['2158'],[]
1600824619,['2158'],[]
1600846220,"['1349', '2158', '1348']",[]
1600867819,['2158'],[]
1600889419,['2158'],[]
1600932619,['2158'],[]
1600954219,['2158'],[]
1600997419,['2158'],[]
1601019020,['2158'],[]
1601040619,['2158'],[]
1601062220,['2158'],[]
1601105418,['2158'],[]
1601148619,['2158'],[]
1601170219,['2158'],[]
1601191829,['2157'],[]
1601213419,['2158'],[]
1601235019,['2158'],[]
1601256619,['2158'],[]
1601278218,['2158'],[]
1601321420,['2158'],[]
1601343018,['2158'],[]
1601364620,['2158'],[]
1601386219,['2158'],[]
1601413812,['359'],[]
1601451019,['2158'],[]
1601494219,"['1401', '1571', '1269', '1683', '1639', '1270', '1441', '1440', '1397', '1527', '1399', '1402', '1400', '1528', '2158', '1572', '1637', '1638', '1529', '1333', '1398']",[]
1601559019,['2158'],[]
1601580619,['2158'],[]
1601623820,['2158'],[]
1601645419,['2158'],[]
1601688620,['2158'],[]
1601710219,['2158'],[]
1601731820,['2158'],[]
1601775020,['2158'],[]
1601796619,['2158'],[]
1601818219,['2158'],[]
1601904637,"['1872', '1874', '1991', '1100', '1873', '1101', '1871', '1102', '1875', '1992']",[]
1601926219,['2158'],[]
1601947830,['2157'],[]
1601969419,['2158'],[]
1601991019,['2158'],[]
1602077418,['2158'],[]
1602142218,['1889'],[]
1602185428,"['139', '127', '056', '053', '151', '145', '133', '137', '135', '126', '152', '105', '129', '148', '130', '116', '106', '142', '117', '123', '153', '143', '131', '121', '144', '119', '136', '138', '054', '128', '122', '134', '140', '132', '155', '125', '149', '057', '147', '120', '124', '055', '141', '154', '146', '118', '150']",[]
1602228619,['2158'],[]
1602293418,"['881', '882', '883']",[]
1602703820,['2158'],[]
1602747022,"['003', '227', '002', '232', '234', '133', '229', '247', '226', '005', '004', '250', '239', '116', '013', '006', '115', '117', '242', '233', '228', '011', '131', '009', '240', '007', '249', '001', '000', '231', '012', '132', '241', '235', '237', '243', '244', '246', '236', '225', '230', '010', '245', '238', '014', '008', '118', '248']",[]
1603049419,"['2158', '1371', '1376', '1373', '1377', '1375', '1378', '1372', '1374']",[]
1603092619,['2158'],[]
1603265419,['2158'],[]
1603373420,['2158'],[]
1603567818,['1718'],[]
1603783819,['2158'],[]
1603848620,['2158'],[]
1603870219,['2158'],[]
1603935020,['2158'],[]
1604600500,['770'],[]
1604953818,['000'],[]
1605364219,['2158'],[]
1605774619,['2158'],[]
1606314629,['2157'],[]
1606336220,['2158'],[]
1606379419,['2158'],[]
